Name,Age,City,Gender
John,26,New York,Male
Jane,31,Los Angeles,Female
Alice,22,Chicago,Female
Bob,45,Houston,Male
Carol,37,Phoenix,Female
John,26,New York,Female
Jane,29,Los Angeles,Female
Alice,24,Chicago,Male
Bob,40,Houston,Female
Carol,33,Phoenix,Male
John,26,New York,Female
Jane,28,Los Angeles,Male
Alice,30,Chicago,Female
Bob,39,Houston,Male
Carol,26,Phoenix,Female
John,26,New York,Female
Jane,35,Los Angeles,Female
Alice,25,Chicago,Male
Bob,41,Houston,Female
Carol,38,Phoenix,Female
John,26,New York,Male
Jane,27,Los Angeles,Female
Alice,21,Chicago,Female
Bob,44,Houston,Male
Carol,32,Phoenix,Female
John,26,New York,Female
Jane,30,Los Angeles,Male
Alice,23,Chicago,Female
Bob,46,Houston,Female
Carol,34,Phoenix,Male
John,26,New York,Female
Jane,32,Los Angeles,Female
Alice,26,Chicago,Male
Bob,43,Houston,Female
Carol,30,Phoenix,Female
John,26,New York,Male
Jane,28,Los Angeles,Female
Alice,27,Chicago,Female
Bob,42,Houston,Male
Carol,29,Phoenix,Female
John,26,New York,Female
Jane,34,Los Angeles,Male
Alice,22,Chicago,Female
Bob,40,Houston,Female
Carol,35,Phoenix,Male
John,26,New York,Female
Jane,31,Los Angeles,Female
Alice,24,Chicago,Male
Bob,38,Houston,Female
Carol,36,Phoenix,Female
John,26,New York,Male
Jane,29,Los Angeles,Female
Alice,25,Chicago,Female
Bob,42,Houston,Male
Carol,33,Phoenix,Female
